{"cameraMode":{"drawMode":0,"name":"Shaded","section":"Shading Mode"},"sceneLighting":false,"audioPlay":false,"sceneViewState":{"showFog":true,"showMaterialUpdate":false,"showSkybox":true,"showFlares":true,"showImageEffects":true,"showParticleSystems":true},"in2DMode":false,"pivot":{"x":-57.49870681762695,"y":-6.329955577850342,"z":79.25835418701172},"rotation":{"x":0.01055753044784069,"y":0.9894100427627564,"z":-0.10623747110366821,"w":0.0983361154794693},"size":4.365532398223877,"orthographic":false}