{"cameraMode":{"drawMode":0,"name":"Shaded","section":"Shading Mode"},"sceneLighting":false,"audioPlay":false,"sceneViewState":{"showFog":true,"showMaterialUpdate":false,"showSkybox":true,"showFlares":true,"showImageEffects":true,"showParticleSystems":true},"in2DMode":false,"pivot":{"x":79.34764862060547,"y":-6.15190315246582,"z":85.06615447998047},"rotation":{"x":0.0074958582408726219,"y":0.03209590166807175,"z":-0.00023980510013643652,"w":0.9994566440582275},"size":2.5256593227386476,"orthographic":true}