{"cameraMode":{"drawMode":0,"name":"Shaded","section":"Shading Mode"},"sceneLighting":false,"audioPlay":false,"sceneViewState":{"showFog":true,"showMaterialUpdate":false,"showSkybox":true,"showFlares":true,"showImageEffects":true,"showParticleSystems":true},"in2DMode":false,"pivot":{"x":-58.32365417480469,"y":-6.348500728607178,"z":80.65629577636719},"rotation":{"x":-0.14961616694927216,"y":-0.06040792912244797,"z":0.009160050190985203,"w":-0.986854612827301},"size":4.365532398223877,"orthographic":false}