{"cameraMode":{"drawMode":0,"name":"Shaded","section":"Shading Mode"},"sceneLighting":false,"audioPlay":false,"sceneViewState":{"showFog":true,"showMaterialUpdate":false,"showSkybox":true,"showFlares":true,"showImageEffects":true,"showParticleSystems":true},"in2DMode":false,"pivot":{"x":76.33518981933594,"y":-7.101034641265869,"z":81.4072036743164},"rotation":{"x":0.07783029973506928,"y":-0.5628605484962463,"z":0.053349148482084277,"w":0.821148157119751},"size":24.08030128479004,"orthographic":true}