{"cameraMode":{"drawMode":0,"name":"Shaded","section":"Shading Mode"},"sceneLighting":false,"audioPlay":false,"sceneViewState":{"showFog":true,"showMaterialUpdate":false,"showSkybox":true,"showFlares":true,"showImageEffects":true,"showParticleSystems":true},"in2DMode":false,"pivot":{"x":-58.02578353881836,"y":-5.697094917297363,"z":79.49402618408203},"rotation":{"x":-0.0633842796087265,"y":0.03329368308186531,"z":-0.0021136272698640825,"w":-0.9974315166473389},"size":4.365532398223877,"orthographic":false}