{"cameraMode":{"drawMode":0,"name":"Shaded","section":"Shading Mode"},"sceneLighting":false,"audioPlay":false,"sceneViewState":{"showFog":true,"showMaterialUpdate":false,"showSkybox":true,"showFlares":true,"showImageEffects":true,"showParticleSystems":true},"in2DMode":false,"pivot":{"x":-60.88994598388672,"y":-6.412776947021484,"z":80.68353271484375},"rotation":{"x":-0.03596031293272972,"y":0.0419604629278183,"z":-0.0015112260589376093,"w":-0.9984707832336426},"size":4.267743110656738,"orthographic":false}