{"cameraMode":{"drawMode":0,"name":"Shaded","section":"Shading Mode"},"sceneLighting":false,"audioPlay":false,"sceneViewState":{"showFog":true,"showMaterialUpdate":false,"showSkybox":true,"showFlares":true,"showImageEffects":true,"showParticleSystems":true},"in2DMode":false,"pivot":{"x":-35.5948600769043,"y":-21.68531036376953,"z":4.491550922393799},"rotation":{"x":-0.05412958189845085,"y":0.9457449316978455,"z":-0.2184111475944519,"w":-0.23437811434268952},"size":40.63155746459961,"orthographic":false}