{"cameraMode":{"drawMode":0,"name":"Shaded","section":"Shading Mode"},"sceneLighting":false,"audioPlay":false,"sceneViewState":{"showFog":true,"showMaterialUpdate":false,"showSkybox":true,"showFlares":true,"showImageEffects":true,"showParticleSystems":true},"in2DMode":false,"pivot":{"x":-60.022735595703128,"y":-6.265550136566162,"z":74.79784393310547},"rotation":{"x":-0.0011079420801252127,"y":0.9982651472091675,"z":-0.01993085816502571,"w":-0.05539201200008392},"size":7.143852710723877,"orthographic":false}