{"cameraMode":{"drawMode":0,"name":"Shaded","section":"Shading Mode"},"sceneLighting":false,"audioPlay":false,"sceneViewState":{"showFog":true,"showMaterialUpdate":false,"showSkybox":true,"showFlares":true,"showImageEffects":true,"showParticleSystems":true},"in2DMode":false,"pivot":{"x":-59.08788299560547,"y":-6.884708404541016,"z":74.81201171875},"rotation":{"x":0.001048728241585195,"y":0.9978499412536621,"z":-0.06341169029474259,"w":0.016534559428691865},"size":7.143852710723877,"orthographic":false}