{"cameraMode":{"drawMode":0,"name":"Shaded","section":"Shading Mode"},"sceneLighting":false,"audioPlay":false,"sceneViewState":{"showFog":true,"showMaterialUpdate":false,"showSkybox":true,"showFlares":true,"showImageEffects":true,"showParticleSystems":true},"in2DMode":false,"pivot":{"x":-57.65562438964844,"y":-6.223683834075928,"z":80.45500946044922},"rotation":{"x":-0.07043994218111038,"y":-0.007485737092792988,"z":0.0005284930230118334,"w":-0.9974877834320068},"size":1.5420777797698975,"orthographic":false}