{"cameraMode":{"drawMode":0,"name":"Shaded","section":"Shading Mode"},"sceneLighting":false,"audioPlay":false,"sceneViewState":{"showFog":true,"showMaterialUpdate":false,"showSkybox":true,"showFlares":true,"showImageEffects":true,"showParticleSystems":true},"in2DMode":false,"pivot":{"x":-60.329864501953128,"y":-6.284957408905029,"z":80.74539184570313},"rotation":{"x":-0.02095463126897812,"y":0.06444109231233597,"z":-0.0013534545432776213,"w":-0.997700572013855},"size":4.267743110656738,"orthographic":false}