{"cameraMode":{"drawMode":0,"name":"Shaded","section":"Shading Mode"},"sceneLighting":false,"audioPlay":false,"sceneViewState":{"showFog":true,"showMaterialUpdate":false,"showSkybox":true,"showFlares":true,"showImageEffects":true,"showParticleSystems":true},"in2DMode":false,"pivot":{"x":-59.529850006103519,"y":-5.988524436950684,"z":77.07365417480469},"rotation":{"x":-0.003223735373467207,"y":0.9919341802597046,"z":-0.02575823664665222,"w":-0.1240680068731308},"size":7.143852710723877,"orthographic":false}