{"cameraMode":{"drawMode":0,"name":"Shaded","section":"Shading Mode"},"sceneLighting":false,"audioPlay":false,"sceneViewState":{"showFog":true,"showMaterialUpdate":false,"showSkybox":true,"showFlares":true,"showImageEffects":true,"showParticleSystems":true},"in2DMode":false,"pivot":{"x":-58.950801849365237,"y":-6.004969596862793,"z":80.06295776367188},"rotation":{"x":-0.039396826177835467,"y":0.052800629287958148,"z":-0.0020826258696615698,"w":-0.9978255033493042},"size":4.267743110656738,"orthographic":false}